depth,params_M,mcc,mcc_lo,mcc_hi,auc,auc_lo,auc_hi,acc,C,cv_mcc,mcc_raw,auc_raw
0,0.831893,0.8411972213451419,0.775278456569122,0.9000133430486954,0.9725777777777778,0.9542617934069967,0.9870285371247781,0.92,1.0,0.8456202586402297,0.8411972213451419,0.9723999999999999
1,11.326869,0.8337966824563375,0.7612046006338635,0.8931656979700937,0.976,0.958255974136712,0.9893303571428571,0.9166666666666666,1.0,0.8559553753362928,0.8201640492164057,0.9660444444444445
2,21.821845,0.8600191117481717,0.7933927348967289,0.9132782934023936,0.9746666666666667,0.957136535741475,0.9887525951427697,0.93,1.0,0.8653295773960117,0.8735080524174728,0.9750666666666667
3,32.316821,0.853409195300264,0.786971346843104,0.9130154991532904,0.9709777777777777,0.9521723431018332,0.9858380473030155,0.9266666666666666,0.1,0.8712592365055724,0.8800782326533972,0.9768888888888888
4,42.811797,0.8600191117481717,0.7999813208087235,0.9138762124661027,0.9668000000000001,0.9431693937177517,0.9841939556143979,0.93,0.1,0.8695228783884797,0.88,0.9728222222222223
5,53.306773,0.8866863710271847,0.8272612673949543,0.9341116385156748,0.9764888888888887,0.957678840963127,0.9900855947623063,0.9433333333333334,1.0,0.8800470765765755,0.8934127513299639,0.976311111111111
6,63.801749,0.8536369026539761,0.7857665857773891,0.9073447362108347,0.972,0.9508771257747409,0.9879094848799899,0.9266666666666666,1.0,0.8749724543905633,0.8803130558619128,0.973288888888889
7,74.296725,0.8134056392705641,0.7401468897391738,0.8738649510830432,0.9716444444444443,0.9551227845356698,0.9843609281692988,0.9066666666666666,0.1,0.8834729247237801,0.8134056392705641,0.9701777777777778
8,84.791701,0.8269607494460393,0.7579079985557573,0.8866262082563816,0.9699555555555557,0.9497287293612315,0.9855903506691177,0.9133333333333333,1.0,0.8919233079601311,0.8335000500166725,0.9741333333333333
9,95.286677,0.853409195300264,0.7933153705742856,0.906753730503878,0.9744444444444444,0.9572242391207312,0.9875091696339606,0.9266666666666666,1.0,0.8903887102429933,0.8335000500166725,0.9755111111111111
10,105.781653,0.8400746766236974,0.7716968872162269,0.8995947536596947,0.9752444444444445,0.9573365333481012,0.9881286507312741,0.92,1.0,0.8920990476313918,0.8667437139768306,0.9796444444444445
11,116.276629,0.8669749792579444,0.8106670017396314,0.9157094297290583,0.9841333333333333,0.9719481605349513,0.9929414892270695,0.9333333333333333,1.0,0.8906329578131906,0.8733527413876783,0.9885777777777778
12,126.771605,0.853409195300264,0.7878864402159023,0.90675519061319,0.9824444444444445,0.9699363405192815,0.9925260618017849,0.9266666666666666,1.0,0.8904174619896708,0.8733527413876783,0.9860444444444445
13,137.266581,0.88,0.8208845838311049,0.9332301266605056,0.9834222222222222,0.9711237884130112,0.9930145847487432,0.94,1.0,0.8884778129230396,0.8800782326533972,0.9877777777777779
14,147.761557,0.9066666666666666,0.8533064393372333,0.9532559606201467,0.9848,0.9725639812252682,0.9949257477748228,0.9533333333333334,1.0,0.8837346326771776,0.9266872599457043,0.9890666666666666
15,158.256533,0.8600191117481717,0.7988701512681691,0.9138320257938,0.9818222222222222,0.9685225076302546,0.99290254299177,0.93,10.0,0.887438831850449,0.8866863710271847,0.9884
16,168.751509,0.8666666666666667,0.8063166122680158,0.9200534230998995,0.9849777777777777,0.9729622502220202,0.9939998550095713,0.9333333333333333,1.0,0.8945344684633436,0.8800782326533972,0.9871555555555556
17,179.246485,0.8733527413876783,0.8132063034556043,0.9268204181709726,0.9856,0.9731050199020883,0.9947528833258563,0.9366666666666666,1.0,0.8894821254864427,0.8666666666666667,0.9861777777777777
18,189.741461,0.88,0.8202584390648974,0.9331813746734797,0.9811111111111112,0.9677248249578044,0.9921642440610994,0.94,10.0,0.8878728058307509,0.88,0.9827999999999999
19,200.236437,0.8934127513299639,0.8396471312040461,0.946607341490545,0.9806666666666667,0.9664829302987199,0.9926658262860204,0.9466666666666667,10.0,0.889383890619507,0.9000200006666913,0.9839111111111111
20,210.731413,0.8934127513299639,0.840326992152973,0.9402011960776762,0.9814222222222222,0.9674036901212966,0.9926792552481765,0.9466666666666667,10.0,0.8881804577975968,0.9069892090698496,0.9817777777777777
21,221.226389,0.8733527413876783,0.8131246877785208,0.9259967413949048,0.9815555555555555,0.9684378260535683,0.9919047125965151,0.9366666666666666,1.0,0.882835244215215,0.8866863710271847,0.9823111111111111
22,231.721365,0.9000200006666913,0.8475800695977279,0.9467284787124622,0.9792888888888889,0.9647853346758712,0.9904726005195035,0.95,1.0,0.8892340206272312,0.8866863710271847,0.9795111111111111
23,242.216341,0.8669749792579444,0.8069079807519234,0.9208955004103013,0.9785333333333333,0.9620703055108247,0.9910443713471083,0.9333333333333333,10.0,0.8893837623078211,0.8936511324658812,0.9806222222222222
24,252.711317,0.8669749792579444,0.8066850301398623,0.9201744599350546,0.9763555555555554,0.9591069348024445,0.9898672377178891,0.9333333333333333,1.0,0.8892189786986193,0.8738189232142417,0.9768
25,263.206293,0.8738189232142417,0.814337648354709,0.926846135006392,0.9760888888888889,0.9586163572716934,0.9897647478980239,0.9366666666666666,1.0,0.9070280314414662,0.8673608331108886,0.9801777777777777
26,273.701269,0.8735080524174728,0.8135764947354955,0.9264532775496093,0.9812888888888889,0.9648096899268997,0.9932812892243539,0.9366666666666666,10.0,0.8977182641250957,0.8871596701335431,0.9831555555555556
27,284.196245,0.8406728074767075,0.7779682281584908,0.9001536119178776,0.9750666666666667,0.956398062136095,0.989251369564049,0.92,0.1,0.8975524529872493,0.8667437139768306,0.9783555555555555
28,294.691221,0.8742858523600265,0.8151285849989025,0.9266970506126087,0.9752444444444444,0.9563467053488062,0.9897746418432691,0.9366666666666666,0.1,0.8956004480217956,0.8812542318853867,0.9749333333333333
29,305.186197,0.853409195300264,0.7886261296511755,0.9134450375948506,0.9805777777777778,0.9631014653748355,0.9928193280320939,0.9266666666666666,1.0,0.8907036588557007,0.8738189232142417,0.9808444444444444
30,315.681173,0.860172051617206,0.7961723291587204,0.9211985536845291,0.9806666666666666,0.9634245341097705,0.9932024258898472,0.93,1.0,0.8990296686723915,0.8807048459279793,0.9817333333333333
31,326.176149,0.8623218132994909,0.7990960461337263,0.9199438733383062,0.9810222222222222,0.9651042725126596,0.9927109263869133,0.93,0.1,0.8974456419212904,0.8882669888351209,0.9806666666666667
32,336.671125,0.8278448844983936,0.7612284355081876,0.8877663266497129,0.9731555555555556,0.9573860760693701,0.9858969843601938,0.9133333333333333,0.1,0.8972321921103431,0.8400746766236974,0.9759555555555555
